連番,氏名,性別,携帯電話,メールアドレス,生年月日,年齢,出身地,血液型
1,本村 優月,女,,yuzuki58170@rvcz.gmjdg.mt,1931/09/23,91,栃木県,O
2,山岡 奈央,女,080-2380-0426,naoyamaoka@woitb.ykcn.egc,1956/04/12,66,山梨県,AB
3,井川 忠義,男,,tadayoshi834@wleoz.cp,1932/02/27,91,大阪府,B
4,野島 伊吹,女,090-2917-2238,ibuki185@szbi.hy.jf,1974/09/27,48,秋田県,B
5,落合 柚季,女,080-5648-2075,Yuzuki_Ochiai@bfoj.xez,1972/01/18,51,秋田県,A
6,沼田 芽依,女,,meinumata@vuqfge.jyj,1926/11/29,96,福井県,A
7,沖 喜久男,男,090-9440-9505,fqluigkikuo003@qdrhev.kqx,1969/06/02,53,静岡県,A
8,平川 琴美,女,080-4687-9363,kotomi5740@gsdh.bei,1997/08/15,25,長崎県,A
9,西本 織絵,女,090-7778-2669,orie8247@ezpwf.me.wx,2012/12/29,10,福島県,O
10,笹川 柚葉,女,,yuzuha0035@qgbrnqkr.kife.qjh,1948/01/28,75,富山県,A
11,都築 正樹,男,080-6186-8438,masaki03751@ybdsc.berh.ku,1938/02/21,85,広島県,O
12,中沢 淳,男,090-7487-6335,Atsushi_Nakazawa@inwudrcjxb.qda,1986/01/30,37,岐阜県,O
13,酒井 清隆,男,080-5258-7545,kiyotaka038@duqirojrib.wrt,1944/03/04,79,山梨県,A
14,長谷 怜桜,男,080-3884-0918,reo_nagaya@ubeknz.yp.oy,1994/12/01,28,福井県,AB
15,西川 奈保子,女,080-1083-0005,nahokonishikawa@bdbtaa.she,1953/03/30,69,岡山県,O
16,吉沢 勝三,男,080-4014-2024,katsuzou_yoshizawa@mvla.vju,1974/06/23,48,奈良県,AB
17,天野 冨士子,女,,fujikoamano@fnkaafwg.rg,1937/01/17,86,愛媛県,A
18,田中 量子,女,090-6254-4165,otanaka@omvtzq.myp,1991/02/14,32,富山県,AB
19,正木 絢菜,女,,ayana00356@vkee.fq,1925/11/28,97,埼玉県,A
20,本郷 定男,男,090-9660-4944,sadao8197@nyhiebuw.kh,1999/07/29,23,福岡県,B
21,後藤 奏真,男,080-3779-8892,soumagotou@nxziwf.gz,2009/05/16,13,熊本県,O
22,杉村 結子,女,080-2060-6574,xqzpvkzkaqkvyuiko699@shuz.rra,1992/02/29,31,滋賀県,B
23,田中 紀之,男,090-4912-3248,noriyukitanaka@gnheuvxhy.gd,1961/08/16,61,高知県,B
24,滝口 かのん,女,080-5521-4999,bxzsdukvonrkkanon09920@inxkc.ydi,2004/01/27,19,熊本県,O
25,本郷 明菜,女,090-7032-8512,akina_hongou@hwuu.ys,1990/04/15,32,福井県,A
26,土肥 日出夫,男,080-6180-5255,Hideo_Doi@sittmyli.qv,1991/04/14,31,茨城県,O
27,丸田 友彦,男,080-3359-0253,tomohiko744@xchkzxs.abn.ma,1972/11/04,50,静岡県,O
28,井手 昌己,女,090-5141-7535,masami208@evczk.cq.jmt,1977/03/01,46,高知県,A
29,村田 沙也香,女,,sayaka_murata@isfnhhqejp.iv.dn,1941/06/17,81,宮崎県,A
30,原田 琉菜,女,,runa0365@yraywy.ilhs.ev,1927/01/29,96,山口県,B
31,栗原 瑠香,女,,ruka48103@gpayy.ix,2008/08/15,14,新潟県,A
32,上野 哲也,男,,tetsuya21494@kcoepvspu.ru.oe,1944/10/01,78,広島県,B
33,中澤 文子,女,080-9125-9193,yjxrzpptnw=fxrbayako9209@pvyrfchwdv.zx,1987/11/24,35,島根県,B
34,沖 有希,女,,Yuki_Oki@nffabcua.enh,1933/09/14,89,香川県,A
35,上岡 茉央,女,,mao86032@hbuizda.far,1947/08/16,75,三重県,O
36,藤沢 和花,女,080-4890-8861,Nodoka_Fujisawa@uegf.iz,1978/03/13,45,大阪府,O
37,寺西 音吏人,男,080-7115-0297,orito6857@zanxf.yg,1997/06/04,25,山梨県,O
38,平松 雫,女,,shizukuhiramatsu@nzbqlw.hl,1937/11/01,85,新潟県,B
39,吉永 栄太郎,男,,eitarou9002@cyougmtfp.pb.jjc,1938/05/13,84,奈良県,O
40,森脇 優太,男,080-9980-8790,yuuta391@hguhicxc.bue,1982/08/19,40,徳島県,A
41,中岡 翼,男,090-6351-8231,tsubasa301@kcxkjwx.iv,1994/08/24,28,徳島県,B
42,大石 貫一,男,090-3290-3242,kanichi_ooishi@qfyz.wtxmy.co,1963/09/09,59,愛知県,O
43,村山 真,男,,Makoto_Murayama@smccupomw.mx,1947/02/15,76,青森県,A
44,山上 香乃,女,,kano68142@frlhjacqqk.ti,1924/10/09,98,大分県,O
45,坂 百華,女,080-1969-9364,momoka0143@aauymnf.rml,1992/03/12,31,滋賀県,AB
46,秋山 和之,男,,kazuyuki645@zziimolqhm.pz,1928/09/02,94,宮崎県,B
47,石倉 奏海,女,080-8454-2840,Kanami_Ishikura@pcaidw.ah,2001/08/30,21,和歌山県,A
48,青山 蒼,女,080-6949-5824,aoi2379@xwpqdlmtu.aytgh.flp,1955/01/27,68,鳥取県,A
49,菅谷 美保,女,090-5170-9108,miho94291@ycwkrkhr.xk,1988/10/20,34,大分県,B
50,矢野 詠一,男,080-1334-3785,eiichi73816@isvaikaieh.fop,1980/03/17,43,岡山県,O
51,岡田 俊博,男,080-6014-0335,Toshihiro_Okada@bxjhgxdr.mqo,1975/03/14,48,大阪府,A
52,下田 詩乃,女,090-2346-8372,shino49391@cavccymyi.pj,1980/08/26,42,新潟県,A
53,川島 海夢,男,,kaimukawashima@kmfgkb.gxt,2010/02/05,13,岐阜県,A
54,横溝 祐一郎,男,,Yuuichirou_Yokomizo@chuxbfagf.be,1941/06/30,81,山梨県,AB
55,永野 末治,男,080-9543-0494,sueji257@eragl.zr.utp,1998/10/01,24,青森県,O
56,田中 佐和,女,,sawa_tanaka@bmxoej.oo,1927/02/09,96,岡山県,A
57,徳永 俊之,男,080-5640-1421,toshiyuki801@ekydejknnj.kz,1953/06/17,69,石川県,A
58,山形 菜緒,女,090-5919-6022,nao714@qwrik.jx,1960/02/12,63,沖縄県,A
59,江藤 優愛,女,080-4026-4493,hjqtbpyua7459@vmjg.bv.ia,2003/12/23,19,沖縄県,O
60,岩本 唯都夏,女,090-8106-5637,itsuka4822@vhqhysbcvb.qexou.kx,2007/10/24,15,青森県,AB
61,笠井 杏子,女,080-8161-9724,okasai@afsfrlw.xle.ftd,1990/11/29,32,滋賀県,B
62,冨田 秀幸,男,090-2083-4404,hideyuki007@cndvdmna.ary,1993/08/30,29,秋田県,O
63,広瀬 優空,女,090-8997-3873,yura0243@psustx.cx,1955/07/18,67,岩手県,O
64,沼田 実,男,090-3994-9760,minoru21088@kxeoji.zuag.uqt,1982/12/28,40,富山県,B
65,長崎 利伸,男,080-3607-4948,toshinobu63511@dpsb.ls,1987/01/07,36,長野県,B
66,二宮 美結,女,090-8467-3822,miyu860@oycwmaya.efn,1965/05/20,57,和歌山県,A
67,小坂 柚希,女,090-9645-2748,wjoevoyuzuki694@ldcdl.nph,1992/04/05,30,大分県,A
68,大宮 真佐人,男,090-6273-1363,masato0554@cxzjjquzx.qox,1996/12/15,26,福島県,A
69,岡村 隆一,男,090-9004-6645,ryuuichi227@tbqnzp.hh,1967/09/02,55,群馬県,AB
70,粕谷 更紗,女,090-4603-9334,Sarasa_Kasuya@jqjhut.zj,1978/10/24,44,岡山県,A
71,手塚 和歌子,女,080-1583-6529,wakako27383@xeqxszht.qji,1975/12/01,47,富山県,O
72,河本 穂乃香,女,,honoka_kawamoto@rqcbbmmzdu.pq,1945/09/02,77,徳島県,O
73,吉田 美結,女,,miyu34380@uknrhzysg.de,1926/02/23,97,福岡県,A
74,小久保 爽太,男,,souta_kokubo@hzzsjv.inf,2010/05/12,12,三重県,B
75,西川 忠志,男,090-8777-3673,tadashi09883@qssz.ylaxs.uw,1979/03/02,44,高知県,O
76,阿部 小夜香,女,,sayaka284@iwfzpzc.el,2009/04/28,13,岐阜県,A
77,金谷 誠司,男,090-5867-7914,Seiji_Kanaya@avmvngn.dg,1957/03/14,66,熊本県,A
78,本田 悠,女,090-3033-8253,ahonda@cmto.ihw,1936/06/20,86,群馬県,A
79,中西 伊吹,女,080-6019-1497,ibuki390@lzkqjyaa.xj,2003/10/28,19,福岡県,O
80,楠 伍朗,男,080-9880-2708,gorou4905@wfvjaqdbde.km,1961/06/05,61,神奈川県,A
81,石崎 文葉,女,090-6930-7674,ayaha8111@vauszsjldq.vn,2003/01/21,20,群馬県,O
82,木原 聖凪,男,080-6970-1380,nibhnnicacaosena9961@fzwcld.ggv,2007/05/15,15,長野県,A
83,志賀 和也,男,,yfyjudsbkazuya51133@xuryftbs.iqr,2009/04/26,13,石川県,A
84,永山 芳彦,男,080-8443-8898,yoshihiko4551@urspsrlmkn.ba,2002/01/09,21,神奈川県,A
85,東山 太一,男,080-1493-5707,taichi962@zlovteocmk.as.pn,1968/11/16,54,広島県,O
86,中嶋 沙奈,女,090-2610-7160,sana_nakajima@lqwyl.emx.kg,1945/04/05,77,大阪府,A
87,新保 初樹,男,080-5362-8573,hatsuki900@gnwkesl.oskwb.ox,2001/03/16,22,群馬県,A
88,宮川 英彦,男,080-5462-9004,rtkayms=sze=ilhidehiko8429@vbbc.kibjw.te,1986/07/10,36,茨城県,B
89,大崎 朝子,女,090-9319-1225,Tomoko_Oosaki@yqxwujw.ssf,1956/07/18,66,愛知県,B
90,小沼 竜也,男,,tatsuya42710@ngjzcpmud.xo,1952/06/02,70,宮城県,A
91,丸田 雅雄,男,,masaomaruta@bxpkxkxonz.rs,1948/03/31,74,山梨県,O
92,山川 友吉,男,,aipgdhouffko-ytomoyoshi2185@vpoqijy.pjr,1931/11/09,91,愛媛県,O
93,高畑 真希,女,090-9214-9534,makitakahata@qejsrfp.ru,1959/10/29,63,熊本県,B
94,東野 琴乃,女,080-3245-5227,kotono_higashino@igcnuf.sipi.nfr,1935/03/10,88,鹿児島県,A
95,今川 貢,男,,mitsuguimagawa@mfhnn.ddo.yqo,1947/01/28,76,新潟県,AB
96,上野 優奈,女,080-5188-8075,l-sxv=zpqyuuna57881@ltwqlrmdu.mc,2003/06/11,19,秋田県,O
97,瀬川 清隆,男,080-2036-6092,kiyotaka2967@qznpev.gi,1955/06/11,67,徳島県,A
98,向井 繁夫,男,090-3382-8203,Shigeo_Mukai@rice.vgwkr.kyn,1986/04/26,36,広島県,A
99,神保 淳三,男,080-2830-9950,junzou_jimbo@phfpxj.zm,1979/03/17,44,神奈川県,A
100,植村 琴羽,女,090-2669-3162,kotoha_uemura@lvjtp.zl,1998/06/15,24,島根県,B
